url,label
https://www.facebook.com,0
https://www.reddit.com,0
https://www.google.com,0
https://www.google.com,0
https://192.168.1.1/banking,1
https://www.twitter.com,0
https://www.wikipedia.org,0
https://www.microsoft.com,0
https://www.linkedin.com,0
http://www.paypal.com-secure.ml,1
https://www.facebook.com,0
http://www.paypal.com-secure.ml,1
https://www.wikipedia.org,0
https://www.microsoft.com,0
https://www.twitter.com,0
https://www.linkedin.com,0
http://secure-paypal-verify.com/login,1
https://www.microsoft.com,0
https://www.facebook.com,0
http://facebook-security-check.ga,1
https://www.linkedin.com,0
https://www.amazon-account-verify.net/ap/signin,1
https://192.168.1.1/banking,1
https://www.reddit.com,0
http://secure-paypal-verify.com/login,1
http://netflix.com.secure-login.tk,1
https://192.168.1.1/banking,1
https://www.wikipedia.org,0
https://www.amazon.com,0
https://www.reddit.com,0
http://www.paypal.com-secure.ml,1
http://facebook-security-check.ga,1
https://www.facebook.com,0
http://facebook-security-check.ga,1
http://secure-paypal-verify.com/login,1
http://google-account-security.tk,1
https://www.reddit.com,0
https://www.apple.com,0
https://www.facebook.com,0
http://facebook-security-check.ga,1
http://google-account-security.tk,1
http://www.paypal.com-secure.ml,1
http://www.bankofamerica-secure.tk/signin,1
https://www.apple.com,0
http://facebook-security-check.ga,1
https://microsoft-account-verify.info,1
https://www.apple.com,0
https://www.facebook.com,0
http://facebook-security-check.ga,1
https://www.reddit.com,0
https://www.google.com,0
https://www.linkedin.com,0
https://192.168.1.1/banking,1
https://www.twitter.com,0
http://apple-id-verify.info/account/update,1
http://secure-paypal-verify.com/login,1
https://www.reddit.com,0
http://secure-paypal-verify.com/login,1
https://192.168.1.1/banking,1
https://www.google.com,0
http://www.paypal.com-secure.ml,1
https://www.amazon-account-verify.net/ap/signin,1
https://www.amazon.com,0
http://facebook-security-check.ga,1
https://www.apple.com,0
https://www.amazon.com,0
https://www.amazon.com,0
https://www.wikipedia.org,0
http://secure-paypal-verify.com/login,1
https://www.microsoft.com,0
https://microsoft-account-verify.info,1
http://apple-id-verify.info/account/update,1
https://www.google.com,0
https://www.facebook.com,0
http://www.bankofamerica-secure.tk/signin,1
http://facebook-security-check.ga,1
https://www.amazon.com,0
http://facebook-security-check.ga,1
https://www.linkedin.com,0
https://microsoft-account-verify.info,1
https://www.linkedin.com,0
http://www.paypal.com-secure.ml,1
http://netflix.com.secure-login.tk,1
https://microsoft-account-verify.info,1
http://google-account-security.tk,1
https://www.twitter.com,0
https://www.twitter.com,0
https://www.apple.com,0
https://www.microsoft.com,0
https://microsoft-account-verify.info,1
http://www.bankofamerica-secure.tk/signin,1
https://192.168.1.1/banking,1
https://www.amazon.com,0
http://google-account-security.tk,1
https://www.reddit.com,0
http://www.paypal.com-secure.ml,1
https://www.apple.com,0
http://google-account-security.tk,1
http://apple-id-verify.info/account/update,1
https://www.wikipedia.org,0
https://www.wikipedia.org,0
https://192.168.1.1/banking,1
https://www.wikipedia.org,0
http://www.paypal.com-secure.ml,1
https://www.youtube.com,0
https://www.apple.com,0
https://www.apple.com,0
https://www.linkedin.com,0
http://google-account-security.tk,1
https://www.reddit.com,0
https://www.twitter.com,0
https://www.microsoft.com,0
https://www.youtube.com,0
https://www.wikipedia.org,0
http://www.paypal.com-secure.ml,1
http://www.bankofamerica-secure.tk/signin,1
https://www.amazon-account-verify.net/ap/signin,1
https://www.twitter.com,0
https://www.apple.com,0
https://www.amazon-account-verify.net/ap/signin,1
https://www.amazon.com,0
http://netflix.com.secure-login.tk,1
https://www.microsoft.com,0
http://secure-paypal-verify.com/login,1
https://microsoft-account-verify.info,1
https://www.linkedin.com,0
https://www.microsoft.com,0
http://netflix.com.secure-login.tk,1
https://www.reddit.com,0
https://www.google.com,0
https://www.linkedin.com,0
https://www.linkedin.com,0
http://netflix.com.secure-login.tk,1
https://www.youtube.com,0
https://www.linkedin.com,0
http://netflix.com.secure-login.tk,1
http://secure-paypal-verify.com/login,1
http://netflix.com.secure-login.tk,1
http://netflix.com.secure-login.tk,1
http://www.bankofamerica-secure.tk/signin,1
https://www.amazon-account-verify.net/ap/signin,1
https://microsoft-account-verify.info,1
https://www.facebook.com,0
https://192.168.1.1/banking,1
https://www.microsoft.com,0
https://www.apple.com,0
https://www.google.com,0
https://www.amazon-account-verify.net/ap/signin,1
https://www.amazon.com,0
https://192.168.1.1/banking,1
https://www.microsoft.com,0
http://google-account-security.tk,1
https://www.reddit.com,0
http://facebook-security-check.ga,1
https://www.facebook.com,0
http://www.bankofamerica-secure.tk/signin,1
http://facebook-security-check.ga,1
https://www.reddit.com,0
http://secure-paypal-verify.com/login,1
https://www.apple.com,0
https://www.youtube.com,0
https://www.reddit.com,0
https://www.linkedin.com,0
https://www.google.com,0
https://www.youtube.com,0
https://www.twitter.com,0
http://google-account-security.tk,1
https://www.linkedin.com,0
https://www.amazon-account-verify.net/ap/signin,1
http://secure-paypal-verify.com/login,1
https://192.168.1.1/banking,1
http://facebook-security-check.ga,1
http://secure-paypal-verify.com/login,1
https://www.linkedin.com,0
http://www.paypal.com-secure.ml,1
http://apple-id-verify.info/account/update,1
https://www.amazon-account-verify.net/ap/signin,1
http://facebook-security-check.ga,1
https://www.amazon.com,0
https://www.reddit.com,0
https://www.amazon-account-verify.net/ap/signin,1
https://www.google.com,0
https://microsoft-account-verify.info,1
https://www.wikipedia.org,0
https://www.youtube.com,0
https://microsoft-account-verify.info,1
http://netflix.com.secure-login.tk,1
http://netflix.com.secure-login.tk,1
https://www.amazon.com,0
https://www.linkedin.com,0
https://www.twitter.com,0
https://www.linkedin.com,0
https://www.wikipedia.org,0
http://facebook-security-check.ga,1
http://apple-id-verify.info/account/update,1
http://google-account-security.tk,1
http://www.bankofamerica-secure.tk/signin,1
http://google-account-security.tk,1
https://www.microsoft.com,0
http://google-account-security.tk,1
http://facebook-security-check.ga,1
https://www.youtube.com,0
https://www.youtube.com,0
https://www.reddit.com,0
https://www.wikipedia.org,0
https://www.wikipedia.org,0
http://netflix.com.secure-login.tk,1
https://www.twitter.com,0
http://netflix.com.secure-login.tk,1
https://www.apple.com,0
http://netflix.com.secure-login.tk,1
https://192.168.1.1/banking,1
https://www.youtube.com,0
https://www.reddit.com,0
https://www.youtube.com,0
https://192.168.1.1/banking,1
https://www.apple.com,0
http://facebook-security-check.ga,1
https://www.reddit.com,0
https://www.twitter.com,0
http://netflix.com.secure-login.tk,1
https://www.apple.com,0
https://www.youtube.com,0
http://facebook-security-check.ga,1
https://www.wikipedia.org,0
http://www.bankofamerica-secure.tk/signin,1
https://www.apple.com,0
http://secure-paypal-verify.com/login,1
https://www.apple.com,0
https://www.wikipedia.org,0
https://www.amazon-account-verify.net/ap/signin,1
https://www.apple.com,0
https://192.168.1.1/banking,1
https://www.youtube.com,0
http://apple-id-verify.info/account/update,1
https://192.168.1.1/banking,1
https://192.168.1.1/banking,1
https://www.microsoft.com,0
http://www.bankofamerica-secure.tk/signin,1
http://apple-id-verify.info/account/update,1
http://apple-id-verify.info/account/update,1
https://www.amazon-account-verify.net/ap/signin,1
https://www.apple.com,0
https://www.linkedin.com,0
http://www.paypal.com-secure.ml,1
http://facebook-security-check.ga,1
http://secure-paypal-verify.com/login,1
https://microsoft-account-verify.info,1
https://www.amazon-account-verify.net/ap/signin,1
http://www.paypal.com-secure.ml,1
http://www.bankofamerica-secure.tk/signin,1
https://www.facebook.com,0
https://www.linkedin.com,0
https://www.apple.com,0
http://google-account-security.tk,1
http://apple-id-verify.info/account/update,1
https://www.linkedin.com,0
https://www.wikipedia.org,0
https://www.amazon.com,0
http://netflix.com.secure-login.tk,1
https://www.facebook.com,0
http://netflix.com.secure-login.tk,1
https://microsoft-account-verify.info,1
http://www.paypal.com-secure.ml,1
https://microsoft-account-verify.info,1
https://www.twitter.com,0
https://www.twitter.com,0
http://secure-paypal-verify.com/login,1
https://www.facebook.com,0
https://192.168.1.1/banking,1
http://secure-paypal-verify.com/login,1
http://google-account-security.tk,1
https://www.google.com,0
http://secure-paypal-verify.com/login,1
https://www.microsoft.com,0
http://facebook-security-check.ga,1
http://www.paypal.com-secure.ml,1
https://www.microsoft.com,0
https://192.168.1.1/banking,1
https://www.microsoft.com,0
https://www.reddit.com,0
https://www.reddit.com,0
http://facebook-security-check.ga,1
http://secure-paypal-verify.com/login,1
https://192.168.1.1/banking,1
https://www.reddit.com,0
http://facebook-security-check.ga,1
http://facebook-security-check.ga,1
https://microsoft-account-verify.info,1
https://www.google.com,0
https://www.wikipedia.org,0
https://www.wikipedia.org,0
https://www.facebook.com,0
https://www.amazon-account-verify.net/ap/signin,1
http://www.bankofamerica-secure.tk/signin,1
http://google-account-security.tk,1
https://www.youtube.com,0
http://google-account-security.tk,1
https://microsoft-account-verify.info,1
http://netflix.com.secure-login.tk,1
https://www.facebook.com,0
http://secure-paypal-verify.com/login,1
http://www.bankofamerica-secure.tk/signin,1
http://www.bankofamerica-secure.tk/signin,1
https://www.twitter.com,0
https://www.linkedin.com,0
https://www.amazon-account-verify.net/ap/signin,1
https://www.wikipedia.org,0
https://www.apple.com,0
https://www.reddit.com,0
https://www.apple.com,0
https://www.google.com,0
https://www.facebook.com,0
https://www.reddit.com,0
http://google-account-security.tk,1
http://apple-id-verify.info/account/update,1
http://google-account-security.tk,1
http://www.bankofamerica-secure.tk/signin,1
https://www.twitter.com,0
http://www.bankofamerica-secure.tk/signin,1
http://facebook-security-check.ga,1
http://google-account-security.tk,1
http://www.bankofamerica-secure.tk/signin,1
https://www.twitter.com,0
https://www.reddit.com,0
https://www.wikipedia.org,0
http://www.bankofamerica-secure.tk/signin,1
http://netflix.com.secure-login.tk,1
https://www.facebook.com,0
http://apple-id-verify.info/account/update,1
https://www.microsoft.com,0
https://192.168.1.1/banking,1
https://www.amazon.com,0
https://www.linkedin.com,0
http://secure-paypal-verify.com/login,1
http://www.paypal.com-secure.ml,1
https://www.wikipedia.org,0
https://www.reddit.com,0
https://www.amazon.com,0
https://www.amazon.com,0
https://microsoft-account-verify.info,1
https://www.amazon-account-verify.net/ap/signin,1
http://www.bankofamerica-secure.tk/signin,1
http://netflix.com.secure-login.tk,1
https://www.amazon-account-verify.net/ap/signin,1
http://secure-paypal-verify.com/login,1
https://www.amazon.com,0
https://www.microsoft.com,0
http://secure-paypal-verify.com/login,1
https://www.linkedin.com,0
https://192.168.1.1/banking,1
https://www.amazon-account-verify.net/ap/signin,1
https://www.youtube.com,0
http://facebook-security-check.ga,1
https://192.168.1.1/banking,1
https://192.168.1.1/banking,1
http://secure-paypal-verify.com/login,1
https://www.amazon-account-verify.net/ap/signin,1
http://www.paypal.com-secure.ml,1
https://www.amazon-account-verify.net/ap/signin,1
http://apple-id-verify.info/account/update,1
https://www.google.com,0
http://netflix.com.secure-login.tk,1
http://secure-paypal-verify.com/login,1
https://www.amazon-account-verify.net/ap/signin,1
http://google-account-security.tk,1
https://www.microsoft.com,0
http://apple-id-verify.info/account/update,1
http://google-account-security.tk,1
https://www.amazon.com,0
http://facebook-security-check.ga,1
https://www.youtube.com,0
http://secure-paypal-verify.com/login,1
http://apple-id-verify.info/account/update,1
http://www.paypal.com-secure.ml,1
https://www.youtube.com,0
http://google-account-security.tk,1
http://apple-id-verify.info/account/update,1
https://www.google.com,0
https://www.microsoft.com,0
http://google-account-security.tk,1
http://netflix.com.secure-login.tk,1
https://www.amazon.com,0
https://www.amazon-account-verify.net/ap/signin,1
http://secure-paypal-verify.com/login,1
https://www.microsoft.com,0
https://www.google.com,0
http://www.bankofamerica-secure.tk/signin,1
https://www.google.com,0
https://www.apple.com,0
http://netflix.com.secure-login.tk,1
https://192.168.1.1/banking,1
https://www.wikipedia.org,0
http://google-account-security.tk,1
https://www.twitter.com,0
http://www.paypal.com-secure.ml,1
http://netflix.com.secure-login.tk,1
http://www.bankofamerica-secure.tk/signin,1
https://www.reddit.com,0
https://www.reddit.com,0
https://www.amazon-account-verify.net/ap/signin,1
https://microsoft-account-verify.info,1
https://www.linkedin.com,0
https://www.facebook.com,0
https://www.twitter.com,0
https://www.apple.com,0
https://www.wikipedia.org,0
http://google-account-security.tk,1
https://192.168.1.1/banking,1
https://www.reddit.com,0
https://www.wikipedia.org,0
https://www.google.com,0
https://www.facebook.com,0
https://www.amazon-account-verify.net/ap/signin,1
https://www.reddit.com,0
https://www.google.com,0
https://www.amazon.com,0
https://www.amazon.com,0
https://www.twitter.com,0
https://microsoft-account-verify.info,1
http://google-account-security.tk,1
https://www.youtube.com,0
http://apple-id-verify.info/account/update,1
https://www.twitter.com,0
http://apple-id-verify.info/account/update,1
https://microsoft-account-verify.info,1
http://apple-id-verify.info/account/update,1
https://192.168.1.1/banking,1
https://www.twitter.com,0
http://www.bankofamerica-secure.tk/signin,1
http://netflix.com.secure-login.tk,1
http://secure-paypal-verify.com/login,1
https://www.amazon-account-verify.net/ap/signin,1
http://www.paypal.com-secure.ml,1
http://google-account-security.tk,1
http://www.bankofamerica-secure.tk/signin,1
http://www.bankofamerica-secure.tk/signin,1
http://google-account-security.tk,1
https://www.facebook.com,0
https://www.youtube.com,0
http://apple-id-verify.info/account/update,1
https://www.amazon.com,0
https://www.google.com,0
https://www.microsoft.com,0
https://www.youtube.com,0
https://www.amazon.com,0
https://www.microsoft.com,0
http://www.paypal.com-secure.ml,1
https://www.youtube.com,0
https://www.microsoft.com,0
https://www.youtube.com,0
https://www.microsoft.com,0
http://apple-id-verify.info/account/update,1
http://apple-id-verify.info/account/update,1
http://google-account-security.tk,1
https://www.apple.com,0
https://www.youtube.com,0
https://www.linkedin.com,0
http://netflix.com.secure-login.tk,1
http://www.bankofamerica-secure.tk/signin,1
https://www.amazon-account-verify.net/ap/signin,1
http://apple-id-verify.info/account/update,1
https://www.twitter.com,0
https://www.facebook.com,0
http://secure-paypal-verify.com/login,1
https://www.amazon-account-verify.net/ap/signin,1
https://www.amazon-account-verify.net/ap/signin,1
https://microsoft-account-verify.info,1
https://www.youtube.com,0
https://microsoft-account-verify.info,1
http://facebook-security-check.ga,1
http://www.bankofamerica-secure.tk/signin,1
https://www.google.com,0
http://facebook-security-check.ga,1
http://www.paypal.com-secure.ml,1
https://www.twitter.com,0
https://www.facebook.com,0
https://www.microsoft.com,0
https://www.youtube.com,0
https://www.microsoft.com,0
https://www.facebook.com,0
https://www.amazon-account-verify.net/ap/signin,1
https://192.168.1.1/banking,1
http://www.paypal.com-secure.ml,1
https://www.microsoft.com,0
http://apple-id-verify.info/account/update,1
http://www.bankofamerica-secure.tk/signin,1
http://facebook-security-check.ga,1
https://microsoft-account-verify.info,1
https://microsoft-account-verify.info,1
https://www.wikipedia.org,0
https://www.reddit.com,0
https://www.wikipedia.org,0
http://secure-paypal-verify.com/login,1
http://www.paypal.com-secure.ml,1
http://google-account-security.tk,1
https://www.amazon-account-verify.net/ap/signin,1
http://www.paypal.com-secure.ml,1
https://www.google.com,0
https://www.amazon.com,0
https://www.google.com,0
https://microsoft-account-verify.info,1
http://netflix.com.secure-login.tk,1
https://www.facebook.com,0
https://www.microsoft.com,0
https://www.google.com,0
https://www.apple.com,0
http://apple-id-verify.info/account/update,1
https://www.wikipedia.org,0
https://www.facebook.com,0
https://microsoft-account-verify.info,1
https://www.twitter.com,0
http://netflix.com.secure-login.tk,1
http://netflix.com.secure-login.tk,1
https://www.amazon-account-verify.net/ap/signin,1
https://www.twitter.com,0
http://www.bankofamerica-secure.tk/signin,1
http://facebook-security-check.ga,1
https://www.microsoft.com,0
http://www.bankofamerica-secure.tk/signin,1
http://www.paypal.com-secure.ml,1
https://www.wikipedia.org,0
https://www.facebook.com,0
http://secure-paypal-verify.com/login,1
https://192.168.1.1/banking,1
https://www.facebook.com,0
https://www.microsoft.com,0
http://apple-id-verify.info/account/update,1
https://www.google.com,0
http://apple-id-verify.info/account/update,1
https://www.twitter.com,0
http://google-account-security.tk,1
https://www.amazon.com,0
https://www.amazon-account-verify.net/ap/signin,1
https://www.apple.com,0
https://www.amazon-account-verify.net/ap/signin,1
http://apple-id-verify.info/account/update,1
http://netflix.com.secure-login.tk,1
https://www.google.com,0
http://www.paypal.com-secure.ml,1
http://google-account-security.tk,1
https://192.168.1.1/banking,1
http://www.paypal.com-secure.ml,1
https://microsoft-account-verify.info,1
https://microsoft-account-verify.info,1
https://www.microsoft.com,0
https://www.amazon.com,0
https://www.youtube.com,0
https://www.facebook.com,0
http://www.paypal.com-secure.ml,1
http://www.paypal.com-secure.ml,1
http://apple-id-verify.info/account/update,1
https://www.microsoft.com,0
https://microsoft-account-verify.info,1
https://www.microsoft.com,0
https://www.amazon.com,0
http://facebook-security-check.ga,1
http://google-account-security.tk,1
http://www.paypal.com-secure.ml,1
http://facebook-security-check.ga,1
http://netflix.com.secure-login.tk,1
https://www.linkedin.com,0
https://www.apple.com,0
https://www.wikipedia.org,0
http://apple-id-verify.info/account/update,1
http://apple-id-verify.info/account/update,1
https://www.youtube.com,0
https://www.amazon-account-verify.net/ap/signin,1
https://192.168.1.1/banking,1
https://www.wikipedia.org,0
http://facebook-security-check.ga,1
https://www.amazon-account-verify.net/ap/signin,1
https://www.wikipedia.org,0
http://secure-paypal-verify.com/login,1
http://apple-id-verify.info/account/update,1
https://www.reddit.com,0
http://www.bankofamerica-secure.tk/signin,1
http://secure-paypal-verify.com/login,1
http://facebook-security-check.ga,1
https://www.youtube.com,0
http://secure-paypal-verify.com/login,1
http://facebook-security-check.ga,1
https://www.linkedin.com,0
https://www.google.com,0
https://www.twitter.com,0
https://microsoft-account-verify.info,1
https://www.reddit.com,0
https://www.google.com,0
http://google-account-security.tk,1
http://netflix.com.secure-login.tk,1
http://netflix.com.secure-login.tk,1
https://www.twitter.com,0
https://www.reddit.com,0
https://www.apple.com,0
https://www.twitter.com,0
https://www.amazon-account-verify.net/ap/signin,1
https://microsoft-account-verify.info,1
https://www.amazon.com,0
https://www.linkedin.com,0
https://www.microsoft.com,0
https://microsoft-account-verify.info,1
https://microsoft-account-verify.info,1
http://www.bankofamerica-secure.tk/signin,1
http://netflix.com.secure-login.tk,1
https://www.reddit.com,0
https://www.apple.com,0
http://secure-paypal-verify.com/login,1
http://netflix.com.secure-login.tk,1
https://www.wikipedia.org,0
https://www.wikipedia.org,0
http://secure-paypal-verify.com/login,1
https://192.168.1.1/banking,1
https://www.linkedin.com,0
https://www.amazon.com,0
https://www.microsoft.com,0
https://www.youtube.com,0
https://www.linkedin.com,0
https://www.reddit.com,0
https://www.apple.com,0
http://netflix.com.secure-login.tk,1
https://www.linkedin.com,0
https://microsoft-account-verify.info,1
https://www.facebook.com,0
https://192.168.1.1/banking,1
http://www.paypal.com-secure.ml,1
https://www.facebook.com,0
http://google-account-security.tk,1
https://www.facebook.com,0
https://www.google.com,0
https://www.youtube.com,0
https://www.amazon.com,0
http://secure-paypal-verify.com/login,1
http://apple-id-verify.info/account/update,1
https://www.twitter.com,0
https://www.reddit.com,0
http://netflix.com.secure-login.tk,1
http://www.paypal.com-secure.ml,1
https://www.apple.com,0
https://microsoft-account-verify.info,1
https://www.facebook.com,0
https://www.amazon-account-verify.net/ap/signin,1
http://facebook-security-check.ga,1
https://microsoft-account-verify.info,1
https://www.youtube.com,0
https://www.amazon-account-verify.net/ap/signin,1
http://facebook-security-check.ga,1
https://www.reddit.com,0
https://www.google.com,0
https://www.apple.com,0
https://www.facebook.com,0
https://www.amazon-account-verify.net/ap/signin,1
https://www.apple.com,0
https://www.apple.com,0
https://www.microsoft.com,0
https://www.linkedin.com,0
https://www.google.com,0
https://www.linkedin.com,0
https://www.twitter.com,0
http://www.bankofamerica-secure.tk/signin,1
https://www.twitter.com,0
http://www.bankofamerica-secure.tk/signin,1
https://www.facebook.com,0
https://www.microsoft.com,0
https://www.youtube.com,0
https://192.168.1.1/banking,1
http://www.paypal.com-secure.ml,1
https://www.twitter.com,0
http://apple-id-verify.info/account/update,1
https://192.168.1.1/banking,1
http://facebook-security-check.ga,1
https://www.google.com,0
https://www.wikipedia.org,0
https://www.google.com,0
https://www.amazon.com,0
http://facebook-security-check.ga,1
http://apple-id-verify.info/account/update,1
https://192.168.1.1/banking,1
http://apple-id-verify.info/account/update,1
https://www.youtube.com,0
https://microsoft-account-verify.info,1
https://www.twitter.com,0
https://www.microsoft.com,0
https://www.amazon.com,0
http://google-account-security.tk,1
https://www.reddit.com,0
http://www.paypal.com-secure.ml,1
http://www.bankofamerica-secure.tk/signin,1
https://www.facebook.com,0
http://apple-id-verify.info/account/update,1
http://apple-id-verify.info/account/update,1
https://www.wikipedia.org,0
https://www.facebook.com,0
https://www.microsoft.com,0
https://www.amazon.com,0
https://www.facebook.com,0
http://www.bankofamerica-secure.tk/signin,1
https://www.google.com,0
https://microsoft-account-verify.info,1
https://www.amazon-account-verify.net/ap/signin,1
http://secure-paypal-verify.com/login,1
https://www.twitter.com,0
https://www.google.com,0
https://www.linkedin.com,0
https://www.google.com,0
https://www.wikipedia.org,0
http://google-account-security.tk,1
https://microsoft-account-verify.info,1
http://www.paypal.com-secure.ml,1
https://www.google.com,0
https://www.facebook.com,0
https://www.linkedin.com,0
https://www.linkedin.com,0
http://google-account-security.tk,1
http://apple-id-verify.info/account/update,1
http://netflix.com.secure-login.tk,1
http://www.paypal.com-secure.ml,1
http://apple-id-verify.info/account/update,1
https://www.microsoft.com,0
https://www.twitter.com,0
http://apple-id-verify.info/account/update,1
https://www.twitter.com,0
https://microsoft-account-verify.info,1
https://www.linkedin.com,0
http://facebook-security-check.ga,1
http://apple-id-verify.info/account/update,1
http://secure-paypal-verify.com/login,1
http://www.bankofamerica-secure.tk/signin,1
http://apple-id-verify.info/account/update,1
http://www.bankofamerica-secure.tk/signin,1
http://google-account-security.tk,1
http://www.paypal.com-secure.ml,1
http://netflix.com.secure-login.tk,1
https://www.amazon.com,0
https://www.youtube.com,0
https://www.wikipedia.org,0
https://www.youtube.com,0
https://www.reddit.com,0
http://facebook-security-check.ga,1
https://www.reddit.com,0
http://www.bankofamerica-secure.tk/signin,1
https://www.apple.com,0
https://www.google.com,0
https://www.youtube.com,0
https://www.microsoft.com,0
http://facebook-security-check.ga,1
https://www.facebook.com,0
https://www.youtube.com,0
https://www.amazon.com,0
https://www.wikipedia.org,0
https://www.linkedin.com,0
https://www.apple.com,0
https://www.apple.com,0
https://www.google.com,0
http://www.paypal.com-secure.ml,1
https://www.amazon.com,0
https://www.linkedin.com,0
https://microsoft-account-verify.info,1
https://www.linkedin.com,0
https://192.168.1.1/banking,1
http://www.paypal.com-secure.ml,1
http://www.bankofamerica-secure.tk/signin,1
https://www.facebook.com,0
http://www.bankofamerica-secure.tk/signin,1
https://www.linkedin.com,0
https://www.reddit.com,0
https://www.facebook.com,0
http://apple-id-verify.info/account/update,1
https://www.facebook.com,0
https://www.amazon.com,0
http://apple-id-verify.info/account/update,1
https://www.youtube.com,0
https://www.wikipedia.org,0
https://microsoft-account-verify.info,1
https://www.twitter.com,0
http://secure-paypal-verify.com/login,1
https://www.twitter.com,0
https://www.linkedin.com,0
http://google-account-security.tk,1
http://google-account-security.tk,1
https://www.apple.com,0
https://www.reddit.com,0
https://www.amazon.com,0
http://www.bankofamerica-secure.tk/signin,1
http://www.paypal.com-secure.ml,1
https://www.amazon-account-verify.net/ap/signin,1
https://www.amazon-account-verify.net/ap/signin,1
https://www.microsoft.com,0
https://www.apple.com,0
http://www.bankofamerica-secure.tk/signin,1
https://microsoft-account-verify.info,1
https://www.youtube.com,0
https://www.linkedin.com,0
https://www.reddit.com,0
https://www.twitter.com,0
https://www.youtube.com,0
https://www.linkedin.com,0
https://www.youtube.com,0
https://www.microsoft.com,0
https://www.youtube.com,0
https://www.wikipedia.org,0
https://www.wikipedia.org,0
https://www.reddit.com,0
https://www.reddit.com,0
https://www.youtube.com,0
http://netflix.com.secure-login.tk,1
http://www.bankofamerica-secure.tk/signin,1
https://www.twitter.com,0
http://facebook-security-check.ga,1
https://www.apple.com,0
http://netflix.com.secure-login.tk,1
https://www.google.com,0
http://secure-paypal-verify.com/login,1
https://www.apple.com,0
https://www.google.com,0
https://www.reddit.com,0
https://www.reddit.com,0
https://www.apple.com,0
https://www.microsoft.com,0
http://netflix.com.secure-login.tk,1
https://www.microsoft.com,0
http://secure-paypal-verify.com/login,1
https://www.amazon.com,0
https://www.apple.com,0
https://www.google.com,0
http://secure-paypal-verify.com/login,1
https://www.microsoft.com,0
https://www.twitter.com,0
http://www.paypal.com-secure.ml,1
http://www.bankofamerica-secure.tk/signin,1
https://www.apple.com,0
https://microsoft-account-verify.info,1
https://www.wikipedia.org,0
https://www.twitter.com,0
https://microsoft-account-verify.info,1
https://www.amazon-account-verify.net/ap/signin,1
https://www.twitter.com,0
https://www.amazon.com,0
https://www.linkedin.com,0
https://www.amazon.com,0
https://www.twitter.com,0
https://www.wikipedia.org,0
https://www.youtube.com,0
https://www.microsoft.com,0
http://google-account-security.tk,1
https://www.apple.com,0
https://www.reddit.com,0
https://www.microsoft.com,0
http://www.paypal.com-secure.ml,1
https://www.amazon.com,0
https://microsoft-account-verify.info,1
http://www.bankofamerica-secure.tk/signin,1
https://www.linkedin.com,0
https://www.linkedin.com,0
http://secure-paypal-verify.com/login,1
https://www.amazon-account-verify.net/ap/signin,1
https://microsoft-account-verify.info,1
https://www.google.com,0
http://secure-paypal-verify.com/login,1
http://facebook-security-check.ga,1
https://www.amazon.com,0
http://google-account-security.tk,1
http://google-account-security.tk,1
http://google-account-security.tk,1
https://www.apple.com,0
https://192.168.1.1/banking,1
https://www.amazon.com,0
http://google-account-security.tk,1
http://google-account-security.tk,1
http://www.bankofamerica-secure.tk/signin,1
https://192.168.1.1/banking,1
https://www.reddit.com,0
http://google-account-security.tk,1
https://www.wikipedia.org,0
https://www.google.com,0
https://www.twitter.com,0
https://www.amazon.com,0
https://www.amazon-account-verify.net/ap/signin,1
https://www.amazon.com,0
https://www.amazon-account-verify.net/ap/signin,1
http://www.paypal.com-secure.ml,1
http://secure-paypal-verify.com/login,1
http://www.bankofamerica-secure.tk/signin,1
http://facebook-security-check.ga,1
https://microsoft-account-verify.info,1
https://www.microsoft.com,0
http://www.paypal.com-secure.ml,1
https://www.facebook.com,0
http://www.bankofamerica-secure.tk/signin,1
https://www.twitter.com,0
https://microsoft-account-verify.info,1
https://www.twitter.com,0
https://www.linkedin.com,0
https://www.apple.com,0
http://netflix.com.secure-login.tk,1
https://www.facebook.com,0
https://192.168.1.1/banking,1
https://www.wikipedia.org,0
https://192.168.1.1/banking,1
http://netflix.com.secure-login.tk,1
https://www.wikipedia.org,0
https://www.youtube.com,0
https://www.amazon.com,0
http://facebook-security-check.ga,1
https://192.168.1.1/banking,1
https://192.168.1.1/banking,1
https://www.youtube.com,0
https://www.linkedin.com,0
https://192.168.1.1/banking,1
https://www.amazon.com,0
http://www.paypal.com-secure.ml,1
https://www.facebook.com,0
https://www.facebook.com,0
http://netflix.com.secure-login.tk,1
https://www.youtube.com,0
http://facebook-security-check.ga,1
https://192.168.1.1/banking,1
https://www.reddit.com,0
https://www.amazon.com,0
https://www.facebook.com,0
http://secure-paypal-verify.com/login,1
http://netflix.com.secure-login.tk,1
https://www.amazon-account-verify.net/ap/signin,1
https://www.youtube.com,0
https://www.twitter.com,0
https://microsoft-account-verify.info,1
https://www.amazon-account-verify.net/ap/signin,1
http://www.paypal.com-secure.ml,1
https://192.168.1.1/banking,1
http://facebook-security-check.ga,1
https://www.reddit.com,0
https://www.apple.com,0
http://netflix.com.secure-login.tk,1
https://www.wikipedia.org,0
https://192.168.1.1/banking,1
http://apple-id-verify.info/account/update,1
http://netflix.com.secure-login.tk,1
https://www.google.com,0
https://microsoft-account-verify.info,1
http://apple-id-verify.info/account/update,1
http://www.paypal.com-secure.ml,1
https://www.google.com,0
https://www.amazon.com,0
https://www.wikipedia.org,0
https://www.twitter.com,0
https://www.amazon-account-verify.net/ap/signin,1
https://www.google.com,0
https://www.apple.com,0
https://www.facebook.com,0
http://apple-id-verify.info/account/update,1
https://www.wikipedia.org,0
https://www.youtube.com,0
https://www.amazon.com,0
https://www.wikipedia.org,0
http://facebook-security-check.ga,1
https://www.amazon.com,0
https://www.linkedin.com,0
http://netflix.com.secure-login.tk,1
https://www.facebook.com,0
https://www.google.com,0
http://google-account-security.tk,1
https://www.amazon-account-verify.net/ap/signin,1
https://www.google.com,0
https://www.wikipedia.org,0
https://www.reddit.com,0
http://www.bankofamerica-secure.tk/signin,1
https://192.168.1.1/banking,1
http://apple-id-verify.info/account/update,1
http://facebook-security-check.ga,1
http://secure-paypal-verify.com/login,1
http://www.paypal.com-secure.ml,1
https://www.youtube.com,0
https://192.168.1.1/banking,1
http://netflix.com.secure-login.tk,1
https://www.youtube.com,0
http://apple-id-verify.info/account/update,1
https://192.168.1.1/banking,1
http://apple-id-verify.info/account/update,1
https://www.linkedin.com,0
http://google-account-security.tk,1
https://www.facebook.com,0
http://secure-paypal-verify.com/login,1
https://www.microsoft.com,0
https://www.facebook.com,0
http://facebook-security-check.ga,1
http://www.bankofamerica-secure.tk/signin,1
https://microsoft-account-verify.info,1
http://google-account-security.tk,1
http://secure-paypal-verify.com/login,1
https://www.amazon-account-verify.net/ap/signin,1
http://www.paypal.com-secure.ml,1
https://192.168.1.1/banking,1
https://www.apple.com,0
http://secure-paypal-verify.com/login,1
https://www.google.com,0
https://192.168.1.1/banking,1
http://www.paypal.com-secure.ml,1
http://secure-paypal-verify.com/login,1
https://www.google.com,0
http://netflix.com.secure-login.tk,1
http://www.bankofamerica-secure.tk/signin,1
